{
  "lap": {
    "2%": {
      "accuracy": 47.13375796178344,
      "precision": 69.7313551940753,
      "recall": 47.13375796178344,
      "f1": 54.443264920971934
    },
    "5%": {
      "accuracy": 49.787234042553195,
      "precision": 58.894295945072884,
      "recall": 49.787234042553195,
      "f1": 53.22170928596993
    }
  },
  "res": {
    "2%": {
      "accuracy": 50.44606650446066,
      "precision": 60.35702057774051,
      "recall": 50.44606650446066,
      "f1": 52.43832130890159
    },
    "5%": {
      "accuracy": 49.896836313617605,
      "precision": 57.856577232143735,
      "recall": 49.896836313617605,
      "f1": 53.40713157578422
    }
  },
  "res15": {
    "2%": {
      "accuracy": 42.384105960264904,
      "precision": 48.437576649497174,
      "recall": 42.384105960264904,
      "f1": 44.39276625240869
    },
    "5%": {
      "accuracy": 41.1901983663944,
      "precision": 44.0133636301593,
      "recall": 41.1901983663944,
      "f1": 42.329650837978214
    }
  }
}